[
  {
    "image": "/assets/images/introduction/IntroductionEight/ic_1.png",
    "title": "100% Organic",
    "description": "We believe in skin that looks like skin and radiance that comes naturally."
  },
  {
    "image": "/assets/images/introduction/IntroductionEight/ic_2.png",
    "title": "No Synthetic Frangences",
    "description": "The conventions of clean beauty to create something radically new."
  },
  {
    "image": "/assets/images/introduction/IntroductionEight/ic_3.png",
    "title": "No Synthetic Colors",
    "description": "With transparency as our guide and color as our vehicle conventions."
  },
  {
    "image": "/assets/images/introduction/IntroductionEight/ic_4.png",
    "title": "No Animal Testing",
    "description": "We  challenge the conventions of clean beauty to create."
  }
]
