[
  {
    "title": "Buy 1 get 1",
    "subTitle": "Start skincare",
    "background": "/assets/images/introduction/IntroductionTen/big-1.png"
  },
  {
    "title": "50 off",
    "subTitle": "big discound",
    "background": "/assets/images/introduction/IntroductionTen/small-1.png"
  },
  {
    "title": "Sale 30%",
    "subTitle": "for All palettes",
    "background": "/assets/images/introduction/IntroductionTen/small-2.png"
  },
  {
    "title": "Buy 3 get 15%",
    "subTitle": "Supper sale",
    "background": "/assets/images/introduction/IntroductionTen/big-2.png"
  }
]
