{
  "subTitle": {
    "main": "Бидний",
    "span": "Тухай"
  },
  "title": {
    "main": "When You Look Good",
    "span": "You Feel Good"
  },
  "description": "The top three occupations in the Beauty salons Industry Group are Hairdressers, hairstylists, & cosmetologists, Manicurists and pedicurists, Receptionists & information clerks, Supervisors of personal care and service workers, and Skincare specialists.",
  "btn": {
    "content": "Appointment",
    "color": "white"
  }
}
