[
  {
    "id": 1,
    "image": "/assets/images/testimonial/TestimonialOne/1.png",
    "name": "Alexander Ball",
    "city": "New York",
    "review": "I love my lash tint! I don't have extremely blonde lashes, but I do like that they can be even darker than they are. It makes my eyes stand out more and I love the way it looks! Now, I just need to add on a bit of mascara for length and I am set.",
    "rate": 4
  },
  {
    "id": 2,
    "image": "/assets/images/testimonial/TestimonialOne/2.png",
    "name": "Izabel Watt",
    "city": "Michigan",
    "review": "I love my lash tint! I don't have extremely blonde lashes, but I do like that they can be even darker than they are. It makes my eyes stand out more and I love the way it looks! Now, I just need to add on a bit of mascara for length and I am set.",
    "rate": 4
  },
  {
    "id": 3,
    "image": "/assets/images/testimonial/TestimonialOne/3.png",
    "name": "Rachel Regan",
    "city": "Sydney",
    "review": "I love my lash tint! I don't have extremely blonde lashes, but I do like that they can be even darker than they are. It makes my eyes stand out more and I love the way it looks! Now, I just need to add on a bit of mascara for length and I am set.",
    "rate": 4
  },
  {
    "id": 4,
    "image": "/assets/images/testimonial/TestimonialOne/4.png",
    "name": "Malika Kenny",
    "city": "Ha Noi",
    "review": "I love my lash tint! I don't have extremely blonde lashes, but I do like that they can be even darker than they are. It makes my eyes stand out more and I love the way it looks! Now, I just need to add on a bit of mascara for length and I am set.",
    "rate": 4
  },
  {
    "id": 5,
    "image": "/assets/images/testimonial/TestimonialOne/5.png",
    "name": "Javier Bender",
    "city": "Tokyo",
    "review": "I love my lash tint! I don't have extremely blonde lashes, but I do like that they can be even darker than they are. It makes my eyes stand out more and I love the way it looks! Now, I just need to add on a bit of mascara for length and I am set.",
    "rate": 4
  },
  {
    "id": 6,
    "image": "/assets/images/testimonial/TestimonialOne/6.png",
    "name": "Paul Brookes",
    "city": "Berlin",
    "review": "I love my lash tint! I don't have extremely blonde lashes, but I do like that they can be even darker than they are. It makes my eyes stand out more and I love the way it looks! Now, I just need to add on a bit of mascara for length and I am set.",
    "rate": 4
  },
  {
    "id": 7,
    "image": "/assets/images/testimonial/TestimonialOne/7.png",
    "name": "Bilaal Gunn",
    "city": "Denver",
    "review": "I love my lash tint! I don't have extremely blonde lashes, but I do like that they can be even darker than they are. It makes my eyes stand out more and I love the way it looks! Now, I just need to add on a bit of mascara for length and I am set.",
    "rate": 4
  },
  {
    "id": 8,
    "image": "/assets/images/testimonial/TestimonialOne/8.png",
    "name": "Musab O'Sullivan",
    "city": "Paris",
    "review": "I love my lash tint! I don't have extremely blonde lashes, but I do like that they can be even darker than they are. It makes my eyes stand out more and I love the way it looks! Now, I just need to add on a bit of mascara for length and I am set.",
    "rate": 4
  }
]
